{
  "n": 147,
  "rmse_raw": 11.853856744399467,
  "rmse_corr": 10.76551108920156,
  "delta_pct": -9.181363320525298,
  "mae_raw": 5.169075604813151,
  "mae_corr": 4.802127400669116,
  "bias_raw": 4.1552115186769,
  "bias_corr": 2.003390630681688,
  "improved": 67,
  "frac_improved": 0.4557823129251701,
  "dm_t_stat": 3.070624395774855
}