elev_band,n,rmse_raw,rmse_corr,mae_raw,mae_corr,bias_raw,bias_corr,improve_pct
<500m,68615.0,2.692359845293299,2.1153869434518184,1.2956783464494734,0.9554854846120152,1.0164281133121915,0.029859659277374342,21.430006945398738
500–1000m,3240.0,5.362843725226518,4.795799340864932,2.7373570331869055,2.4652362550294282,1.5563319312072244,-0.08497773623018541,10.57357650931054
1000–2000m,1880.0,3.374467500249028,3.0025947297641147,1.5279916280439276,1.487021381541351,0.5835980408207981,-0.3100768706358753,11.02019119927722
2000–3000m,3325.0,4.079303238349937,4.069481171621938,1.9830970288960086,2.091559240277368,-0.08065416266069146,-0.4279880401472844,0.24077804845839046
>3000m,441.0,11.211470883905816,7.424670272436717,6.904969857274165,4.237091443820409,4.606446400625769,1.439628134969394,33.77612670702371
