hand_band,n,rmse_raw,rmse_corr,mae_raw,mae_corr,bias_raw,bias_corr,improve_pct
<2m (near stream),22490.0,2.014874906471899,1.7983899794604588,0.9237973341806753,0.6504889733668611,0.6879694468597847,0.0007559708540546652,10.74433585509839
2–10m (floodplain),30358.0,1.9368700662073237,1.5670605850246417,0.9599379454842947,0.6869743398483135,0.7602048938141747,-0.015310653097965882,19.093148664681635
10–50m (lower hills),17850.0,4.218349897114541,3.1887631965508874,2.144906987865817,1.6733447984867549,1.6478204441809492,0.06045713324585969,24.40733285941778
50–200m (hillside),5146.0,5.706460277696524,4.90822257850654,3.438391062244679,3.0815295496665387,1.7188882847797464,0.011144119940765362,13.988316054873193
>200m (montane),1210.0,5.022863724148216,4.439600977001138,3.19222446233819,2.932193226744783,0.4071741365203639,-0.22305292521611453,11.612155518831807
