ndvi_band,n,rmse_raw,rmse_corr,mae_raw,mae_corr,bias_raw,bias_corr,improve_pct
bare (<0),877.0,9.106047053331313,6.711352214362644,4.469453719100839,3.4636788514886105,2.889711731244339,0.09028403472817555,26.29785267903492
sparse (0–0.2),26214.0,2.776404629122756,2.467948707138939,1.3152804241268234,1.108642526861827,0.7020380463975524,-0.012131013224935717,11.109905189910224
low veg (0.2–0.4),30189.0,3.0486713926146525,2.4585958069284928,1.4966694926688622,1.1126117510765043,1.1820319435485034,0.026328042851058168,19.355171800923063
moderate (0.4–0.6),18223.0,2.9533052120216103,2.252531403318487,1.3592657547233389,0.9888048676254348,1.076056375776757,-0.0063109106101151054,23.728458740078086
dense (>0.6),1700.0,2.059098282530431,1.2026198928801017,0.9217475429163232,0.6346714327256663,0.8030094387718159,-0.008570566025445802,41.594828033065085
