slope_class,n,rmse_raw,rmse_corr,mae_raw,mae_corr,bias_raw,bias_corr,improve_pct
flat (<5°),204.0,4.585034462341668,4.995707537634799,2.142226430730969,2.5184277794900676,0.27109695302238723,-0.20749463595624867,-8.956815453975716
steep (>25°),77242.0,3.0495830476218573,2.473788687821443,1.42149326786208,1.0952456601838632,1.0040532846794499,0.005738968289714738,18.881084751878905
