tile,n,rmse_raw,rmse_corr,mae_raw,mae_corr,bias_raw,bias_corr,improve_pct
S35W071,7916.0,3.7641391923365197,2.9142536862516377,1.4198171088194047,1.0431836459260575,0.9793634384250136,0.1176639942953911,22.57848242740809
S37W072,14466.0,3.774691174839307,2.9899789816217464,1.5411060118789373,1.201618905061903,1.10584371714436,-0.013629240535073464,20.788778654215776
S36W072,25645.0,3.0172769354650097,2.4513577043952126,1.4525016631693906,1.1199602270491278,1.1052834725253775,0.030337899680821026,18.755959203412665
S35W072,25038.0,2.3900848293136425,1.9758712132215448,1.3163950586925894,0.9509198259420034,1.0300841340238038,0.038868269553373046,17.330498525068958
S37W071,2449.0,2.448540570791666,2.3208441184845694,1.4122663161977786,1.4430073156321934,-0.1493354515987799,-0.4787634315677499,5.215206716620156
S36W071,1987.0,2.5843253940482613,2.8627797383471916,1.5514159420575564,1.742172938361049,0.06284231010623406,-0.45828444820179,-10.774740090400947
