slope_band,n,rmse_raw,rmse_corr,mae_raw,mae_corr,bias_raw,bias_corr,improve_pct
flat <5°,269.0,4.0216906595904405,4.45617008486588,2.839426001384384,3.192339940955868,-2.105126799600828,-2.3725297428402343,-10.803402400911803
steep >25°,57541.0,4.950024696926716,3.8462230136813607,2.534926956523992,2.043022308720562,1.8795564499364377,0.14865652980756572,22.2989126484695
