slope_band,n,rmse_raw,rmse_corr,mae_raw,mae_corr,bias_raw,bias_corr,improve_pct
flat <5°,204.0,4.585034462341668,2.911462264473431,2.142226430730969,1.3478316263948718,0.27109695302238723,0.036620748244931334,36.50075504587398
steep >25°,77242.0,3.0495830476218573,1.659694968618463,1.42149326786208,0.8406301510377758,1.0040532846794499,0.0004222829427099253,45.57633149512896
