{
  "per_regime": {
    "humid_temperate": {
      "n": 57849,
      "rmse_observed_raw": 4.9459629432823276,
      "rmse_observed_corr": 3.84972813183878,
      "mae_observed_raw": 2.5364014317430055,
      "mae_observed_corr": 2.0486861344172596,
      "sigma_atl08_rms": 4.034328534187371,
      "sigma_atl08_median": 2.5864263,
      "rmse_intrinsic_raw": 2.86124845383332,
      "rmse_intrinsic_raw_is_real": true,
      "rmse_intrinsic_corr": 1.2063996156695,
      "rmse_intrinsic_corr_is_real": false,
      "wrmse_raw": 3.414959989854837,
      "wrmse_corr": 2.64143099093657,
      "rmse_obs_minus_wrmse_corr_pct": 31.38655768725883
    },
    "hyperarid": {
      "n": 20681,
      "rmse_observed_raw": 0.6045270801271129,
      "rmse_observed_corr": 0.933791785083122,
      "mae_observed_raw": 0.30059713046567166,
      "mae_observed_corr": 0.4571543743447979,
      "sigma_atl08_rms": 6.899544738015771,
      "sigma_atl08_median": 6.6704144,
      "rmse_intrinsic_raw": 6.873009864773519,
      "rmse_intrinsic_raw_is_real": false,
      "rmse_intrinsic_corr": 6.8360624992748855,
      "rmse_intrinsic_corr_is_real": false,
      "wrmse_raw": 0.646578874102377,
      "wrmse_corr": 1.5722075365932127,
      "rmse_obs_minus_wrmse_corr_pct": -68.36810536443751
    },
    "mediterranean": {
      "n": 77501,
      "rmse_observed_raw": 3.053755593538897,
      "rmse_observed_corr": 2.4831807462862816,
      "mae_observed_raw": 1.4229948015898621,
      "mae_observed_corr": 1.098909613951995,
      "sigma_atl08_rms": 4.28957609218232,
      "sigma_atl08_median": 2.7564592,
      "rmse_intrinsic_raw": 3.0124806763781975,
      "rmse_intrinsic_raw_is_real": false,
      "rmse_intrinsic_corr": 3.497753054733174,
      "rmse_intrinsic_corr_is_real": false,
      "wrmse_raw": 2.5315559563617627,
      "wrmse_corr": 1.8509583296602647,
      "rmse_obs_minus_wrmse_corr_pct": 25.460185190769398
    },
    "tropical_montane": {
      "n": 5308,
      "rmse_observed_raw": 6.2048737495255715,
      "rmse_observed_corr": 5.592537359793387,
      "mae_observed_raw": 2.7427303185664513,
      "mae_observed_corr": 2.2965257970806565,
      "sigma_atl08_rms": 4.723044550985885,
      "sigma_atl08_median": 3.4509065,
      "rmse_intrinsic_raw": 4.0240910050536955,
      "rmse_intrinsic_raw_is_real": true,
      "rmse_intrinsic_corr": 2.994883017763353,
      "rmse_intrinsic_corr_is_real": true,
      "wrmse_raw": 3.5141069008919765,
      "wrmse_corr": 2.757068141194482,
      "rmse_obs_minus_wrmse_corr_pct": 50.700943707306045
    },
    "tropical_wet": {
      "n": 20569,
      "rmse_observed_raw": 1.0908701148921982,
      "rmse_observed_corr": 1.1540385717205215,
      "mae_observed_raw": 0.5366992187099271,
      "mae_observed_corr": 0.6155177696595356,
      "sigma_atl08_rms": 0.07751502486874107,
      "sigma_atl08_median": 0.042276546,
      "rmse_intrinsic_raw": 1.0881125991755247,
      "rmse_intrinsic_raw_is_real": true,
      "rmse_intrinsic_corr": 1.1514323453587447,
      "rmse_intrinsic_corr_is_real": true,
      "wrmse_raw": 0.7869711324565571,
      "wrmse_corr": 0.801658257031526,
      "rmse_obs_minus_wrmse_corr_pct": 30.534535268057997
    }
  },
  "per_tile": {
    "N04W074": {
      "n": 4005,
      "rmse_observed_raw": 3.5104737221279643,
      "rmse_observed_corr": 2.7541761082763587,
      "mae_observed_raw": 1.9328569390293433,
      "mae_observed_corr": 1.5762645811873406,
      "sigma_atl08_rms": 4.503551483196747,
      "sigma_atl08_median": 3.2595537,
      "rmse_intrinsic_raw": 2.821090251667369,
      "rmse_intrinsic_raw_is_real": false,
      "rmse_intrinsic_corr": 3.5632134270070486,
      "rmse_intrinsic_corr_is_real": false,
      "wrmse_raw": 2.8092720186502,
      "wrmse_corr": 1.8520932935758192,
      "rmse_obs_minus_wrmse_corr_pct": 32.75327282049108
    },
    "N10E105": {
      "n": 20569,
      "rmse_observed_raw": 1.0908701148921982,
      "rmse_observed_corr": 1.1540385717205215,
      "mae_observed_raw": 0.5366992187099271,
      "mae_observed_corr": 0.6155177696595356,
      "sigma_atl08_rms": 0.07751502486874107,
      "sigma_atl08_median": 0.042276546,
      "rmse_intrinsic_raw": 1.0881125991755247,
      "rmse_intrinsic_raw_is_real": true,
      "rmse_intrinsic_corr": 1.1514323453587447,
      "rmse_intrinsic_corr_is_real": true,
      "wrmse_raw": 0.7869711324565571,
      "wrmse_corr": 0.801658257031526,
      "rmse_obs_minus_wrmse_corr_pct": 30.534535268057997
    },
    "S01W079": {
      "n": 68,
      "rmse_observed_raw": 7.16840383913789,
      "rmse_observed_corr": 6.629310370361322,
      "mae_observed_raw": 3.4956838683235993,
      "mae_observed_corr": 3.219550661791076,
      "sigma_atl08_rms": 7.190461647705831,
      "sigma_atl08_median": 7.41148485,
      "rmse_intrinsic_raw": 0.5627833563295965,
      "rmse_intrinsic_raw_is_real": false,
      "rmse_intrinsic_corr": 2.78477696064663,
      "rmse_intrinsic_corr_is_real": false,
      "wrmse_raw": 6.586667348952945,
      "wrmse_corr": 6.101354588614226,
      "rmse_obs_minus_wrmse_corr_pct": 7.963962346785105
    },
    "S13W072": {
      "n": 147,
      "rmse_observed_raw": 11.853856744399467,
      "rmse_observed_corr": 10.76551108920156,
      "mae_observed_raw": 5.169075604813151,
      "mae_observed_corr": 4.802127400669116,
      "sigma_atl08_rms": 6.5111178303053405,
      "sigma_atl08_median": 6.272592,
      "rmse_intrinsic_raw": 9.905516862669238,
      "rmse_intrinsic_raw_is_real": true,
      "rmse_intrinsic_corr": 8.573305874142228,
      "rmse_intrinsic_corr_is_real": true,
      "wrmse_raw": 10.225179911132201,
      "wrmse_corr": 9.67393633600948,
      "rmse_obs_minus_wrmse_corr_pct": 10.139553469848677
    },
    "S16W068": {
      "n": 1088,
      "rmse_observed_raw": 10.966833233354189,
      "rmse_observed_corr": 10.308230399078376,
      "mae_observed_raw": 5.349044001088847,
      "mae_observed_corr": 4.551633373482235,
      "sigma_atl08_rms": 5.021025370391518,
      "sigma_atl08_median": 3.6951605499999998,
      "rmse_intrinsic_raw": 9.74990950717424,
      "rmse_intrinsic_raw_is_real": true,
      "rmse_intrinsic_corr": 9.002717267046004,
      "rmse_intrinsic_corr_is_real": true,
      "wrmse_raw": 6.434214453623262,
      "wrmse_corr": 5.898327794928451,
      "rmse_obs_minus_wrmse_corr_pct": 42.780403943476074
    },
    "S24W069": {
      "n": 20681,
      "rmse_observed_raw": 0.6045270801271129,
      "rmse_observed_corr": 0.933791785083122,
      "mae_observed_raw": 0.30059713046567166,
      "mae_observed_corr": 0.4571543743447979,
      "sigma_atl08_rms": 6.899544738015771,
      "sigma_atl08_median": 6.6704144,
      "rmse_intrinsic_raw": 6.873009864773519,
      "rmse_intrinsic_raw_is_real": false,
      "rmse_intrinsic_corr": 6.8360624992748855,
      "rmse_intrinsic_corr_is_real": false,
      "wrmse_raw": 0.646578874102377,
      "wrmse_corr": 1.5722075365932127,
      "rmse_obs_minus_wrmse_corr_pct": -68.36810536443751
    },
    "S35W071": {
      "n": 7916,
      "rmse_observed_raw": 3.7641391923365197,
      "rmse_observed_corr": 2.9142536862516377,
      "mae_observed_raw": 1.4198171088194047,
      "mae_observed_corr": 1.0431836459260575,
      "sigma_atl08_rms": 5.428636995337008,
      "sigma_atl08_median": 4.4004517,
      "rmse_intrinsic_raw": 3.9116947436958567,
      "rmse_intrinsic_raw_is_real": false,
      "rmse_intrinsic_corr": 4.580090073274801,
      "rmse_intrinsic_corr_is_real": false,
      "wrmse_raw": 1.7890693275792802,
      "wrmse_corr": 1.309907759447463,
      "rmse_obs_minus_wrmse_corr_pct": 55.05169074239763
    },
    "S35W072": {
      "n": 25038,
      "rmse_observed_raw": 2.3900848293136425,
      "rmse_observed_corr": 1.9758712132215448,
      "mae_observed_raw": 1.3163950586925894,
      "mae_observed_corr": 0.9509198259420034,
      "sigma_atl08_rms": 3.8918265108035124,
      "sigma_atl08_median": 2.5094572,
      "rmse_intrinsic_raw": 3.0714504877789937,