{
  "block_bootstrap": {
    "n_boot": 2000,
    "n_blocks": 570,
    "rmse_raw": {
      "median": 3.0491614200997557,
      "ci95_lo": 2.779658384505154,
      "ci95_hi": 3.3516166111030024,
      "mean": 3.051793665230116
    },
    "rmse_corr": {
      "median": 2.4800583075812206,
      "ci95_lo": 2.251647797515612,
      "ci95_hi": 2.7249459564235523,
      "mean": 2.480303444765306
    },
    "rmse_reduction_pct": {
      "median": -18.728877581780896,
      "ci95_lo": -20.900116471778407,
      "ci95_hi": -16.54688868937854
    },
    "dm_stat": {
      "median": 31.254754085043192,
      "ci95_lo": 27.339365712947497,
      "ci95_hi": 35.37576270049951,
      "frac_positive": 1.0
    }
  },
  "variogram": {
    "bin_centres_m": [
      833.3333333333334,
      2500.0,
      4166.666666666667,
      5833.333333333334,
      7500.0,
      9166.666666666668,
      10833.333333333334,
      12500.0,
      14166.666666666668,
      15833.333333333334,
      17500.0,
      19166.666666666668,
      20833.333333333336,
      22500.0,
      24166.666666666668,
      25833.333333333336,
      27500.0,
      29166.666666666668,
      30833.333333333336,
      32500.0,
      34166.66666666667,
      35833.333333333336,
      37500.0,
      39166.66666666667,
      40833.333333333336,
      42500.0,
      44166.66666666667,
      45833.333333333336,
      47500.0,
      49166.66666666667
    ],
    "semivariance": [
      1.8714981168909706,
      11.152377044915344,
      3.0927333326751643,
      3.189233755647695,
      4.874926123166275,
      3.429664050882671,
      3.859002213263762,
      3.2818321889122566,
      3.2711482527081164,
      3.603661234827329,
      3.3205575554209226,
      3.251611728512144,
      4.094805306490605,
      6.168462717722117,
      5.530790989055651,
      3.866134812155603,
      4.053726899093874,
      6.324003761578065,
      6.33187050878304,
      4.057589411243872,
      4.543476015313773,
      5.710852671976739,
      6.300809957601319,
      5.158064241054435,
      3.959668324297675,
      6.014623232941366,
      4.297270250030107,
      4.354883899210067,
      6.107930076256815,
      6.0000880981373
    ],
    "n_per_bin": [
      358,
      628,
      1150,
      1288,
      1728,
      1740,
      2070,
      2084,
      2339,
      2534,
      3024,
      3037,
      3484,
      3334,
      4012,
      3756,
      4217,
      3977,
      4246,
      4170,
      4294,
      4397,
      4500,
      4701,
      4913,
      4784,
      4850,
      4898,
      4991,
      4852
    ],
    "max_dist_m": 50000,
    "n_pairs_used": 100356
  },
  "seed_jitter": {
    "baseline_rmse": 3.0537555867261847,
    "seeds": {
      "7": {
        "rmse": 2.4858900622843016,
        "mae": 1.0991263403834093,
        "elapsed_s": 278.61861753463745
      },
      "13": {
        "rmse": 2.4857849041994307,
        "mae": 1.0992293570545664,
        "elapsed_s": 290.4148826599121
      },
      "42": {
        "rmse": 2.483180756453067,
        "mae": 1.0989095719282178,
        "elapsed_s": 194.8522334098816
      },
      "100": {
        "rmse": 2.48314753511407,
        "mae": 1.0991581514452058,
        "elapsed_s": 243.0665946006775
      },
      "2026": {
        "rmse": 2.48589028401198,
        "mae": 1.0993164858892297,
        "elapsed_s": 213.06057977676392
      }
    },
    "summary": {
      "n_seeds": 5,
      "rmse_mean": 2.48477870841257,
      "rmse_std": 0.0014745604851558263,
      "rmse_min": 2.48314753511407,
      "rmse_max": 2.48589028401198
    }
  },
  "wall_time_s": 1251.0538363456726
}