{
  "N04W074": {
    "regime": "tropical_montane_co",
    "n": 4005,
    "rmse_raw": 3.5104737221279643,
    "rmse_corr": 2.7541761082763587,
    "delta_pct": -21.544032905996406,
    "mae_raw": 1.9328569390293433,
    "mae_corr": 1.5762645811873406,
    "bias_raw": 1.5023450932632005,
    "bias_corr": 0.22462091253437438,
    "improved": 2268,
    "frac_improved": 0.5662921348314607,
    "dm_t_stat": 11.999010141412773
  },
  "S01W079": {
    "regime": "tropical_montane_ec",
    "n": 68,
    "rmse_raw": 7.16840383913789,
    "rmse_corr": 6.629310370361322,
    "delta_pct": -7.520411529178052,
    "mae_raw": 3.4956838683235993,
    "mae_corr": 3.219550661791076,
    "bias_raw": 3.0821461414073714,
    "bias_corr": 2.2289759004862937,
    "improved": 48,
    "frac_improved": 0.7058823529411765,
    "dm_t_stat": 2.0793077430733504
  },
  "S16W068": {
    "regime": "tropical_montane_bo",
    "n": 1088,
    "rmse_raw": 10.966833233354189,
    "rmse_corr": 10.308230399078376,
    "delta_pct": -6.0054057562647944,
    "mae_raw": 5.349044001088847,
    "mae_corr": 4.551633373482235,
    "bias_raw": 2.9581326721307066,
    "bias_corr": 0.6100319377414498,
    "improved": 647,
    "frac_improved": 0.5946691176470589,
    "dm_t_stat": 3.4718108059806756
  }
}