{
  "hyperarid": {
    "n": 20681,
    "rmse_raw": 0.6045270801271129,
    "rmse_corr": 0.933791785083122,
    "delta_pct": 54.46649385611893,
    "mae_raw": 0.30059713046567166,
    "mae_corr": 0.4571543743447979,
    "bias_raw": -0.11125023054936277,
    "bias_corr": 0.0763039597193154,
    "frac_improved": 0.3867317827958029,
    "improved": 7998,
    "dm_t_stat": -10.75404723615844
  },
  "tropical_wet": {
    "n": 20569,
    "rmse_raw": 1.0908701148921982,
    "rmse_corr": 1.1540385717205215,
    "delta_pct": 5.7906487643183535,
    "mae_raw": 0.5366992187099271,
    "mae_corr": 0.6155177696595356,
    "bias_raw": 0.29653545860399627,
    "bias_corr": -0.38554184495099947,
    "frac_improved": 0.4239875540862463,
    "improved": 8721,
    "dm_t_stat": -4.713956029256907
  }
}